id,username,name,description,following_count,followers_count,user_char,activity_level_frequency,following_agentid_list,mbti,previous_tweets,tweets_id,activity_level,created_at
0,user0,user_0,"With over 40 years of experience in architecture and construction, I'm Elizabeth, or Elsie as many call me. I'm passionate about creating spaces that tell stories and inspire communities. My interests in politics and urban legends keep me grounded in the real world while fueling my imagination.",1,822,,"[9, 1, 1, 4, 0, 1, 0, 0, 0, 0, 0, 0, 0, 0, 0, 0, 0, 0, 7, 0, 3, 3, 0, 2]",[106],ESFJ,[],[],"[""off_line""] * 24",2021-01-01 00:00:00
1,user1,user_1,"Dr. Emily Carter is a dedicated health scientist with a passion for both health and politics. With over two decades of experience in the field, she combines her professional insights with a deep interest in public health policies. Outside of work, Emily is an avid reader, a keen gardener, and a frequent participant in community health initiatives. She believes in the power of education and advocacy to create a healthier world.",1,585,,"[1, 1, 1, 1, 1, 1, 0, 0, 0, 0, 0, 0, 1, 1, 1, 2, 2, 2, 1, 1, 2, 1, 1, 1]",[127],ENFP,[],[],"[""off_line""] * 24",2021-01-01 00:00:00
2,user2,user_2,"32-year-old ISTP, specializing in visual effects. Captivated by the power of storytelling and the raw force of natural phenomena. Passionate about understanding how education can inspire change. Always eager to capture the world through my lens and share my insights with the world.",0,708,,"[0, 1, 0, 0, 0, 0, 0, 3, 2, 0, 1, 3, 3, 3, 5, 6, 3, 3, 6, 5, 3, 2, 2, 0]",[],ISTP,[],[],"[""off_line""] * 24",2021-01-01 00:00:00
3,user3,user_3,30-year-old logistics enthusiast and ESFJ at heart. Passionate about optimizing supply chains and staying updated with the latest in business and technology. Always looking to connect with like-minded individuals.,1,4371,,"[7, 3, 12, 6, 5, 1, 5, 0, 0, 3, 0, 0, 3, 2, 0, 2, 1, 2, 7, 11, 2, 8, 4, 2]",[116],ESFJ,[],[],"[""off_line""] * 24",2021-01-01 00:00:00
4,user4,user_4,"Enthusiastic 25-year-old ENTJ with a sharp mind for law and a passion for unraveling urban legends. By day, I protect society's safety; by night, I seek the truth behind the most chilling stories. Business and law, a dangerous blend of interests that never fails to keep me on my toes.",1,1449,,"[1, 1, 1, 1, 1, 1, 0, 0, 0, 0, 0, 0, 1, 1, 1, 2, 2, 2, 1, 1, 2, 1, 1, 1]",[104],ENTJ,[],[],"[""off_line""] * 24",2021-01-01 00:00:00
5,user5,user_5,"Hi there! I'm Emily, a 30-year-old ISFJ in the hospitality and tourism industry. My passion for travel has led me to explore the wonders of science and technology in various destinations. I'm always on the lookout for the next big health trend and love sharing my findings with others. Let's embark on a journey together!",0,7545,,"[0, 0, 0, 0, 0, 0, 0, 0, 0, 0, 0, 0, 0, 0, 0, 0, 0, 3, 1, 0, 0, 0, 0, 0]",[],ISFJ,[],[],"[""off_line""] * 24",2021-01-01 00:00:00
6,user6,user_6,"16-year-old finance enthusiast with a keen eye on politics and health trends. ISTP personality type, always looking for new challenges and adventures.",1,1447,,"[0, 0, 0, 0, 0, 0, 0, 0, 0, 0, 0, 0, 0, 1, 0, 0, 0, 2, 0, 1, 0, 0, 1, 0]",[109],ISTP,[],[],"[""off_line""] * 24",2021-01-01 00:00:00
7,user7,user_7,36-year-old IT professional with a knack for uncovering the truth behind urban legends. Always on the pulse of the latest in science and technology.,2,5909,,"[0, 0, 0, 0, 0, 0, 0, 0, 0, 0, 0, 0, 0, 0, 0, 0, 0, 0, 2, 1, 0, 1, 0, 0]","[25, 129]",ISTJ,[],[],"[""off_line""] * 24",2021-01-01 00:00:00
8,user8,user_8,58-year-old legal expert with a passion for business and education. Always seeking new insights and opportunities to bridge the gap between law and innovation.,1,3038,,"[1, 1, 1, 1, 1, 1, 0, 0, 0, 0, 0, 0, 1, 1, 1, 2, 2, 2, 1, 1, 2, 1, 1, 1]",[122],ENTP,[],[],"[""off_line""] * 24",2021-01-01 00:00:00
9,user9,user_9,A creative soul with a passion for both the arts and technology. I'm a 40-year-old ESFJ who finds joy in the fusion of science and entertainment. My days are filled with crafting digital masterpieces and exploring the latest tech trends. Let's share the wonders of the world together!,0,15,,"[3, 2, 0, 1, 1, 0, 0, 0, 0, 0, 0, 0, 0, 0, 5, 0, 10, 0, 0, 1, 13, 1, 0, 1]",[],ESFJ,[],[],"[""off_line""] * 24",2021-01-01 00:00:00
10,user10,user_10,"Architecture and construction have been my passion since I was young. My work often takes me through various landscapes, and I've always been fascinated by how our built environment interacts with nature. I'm also deeply interested in natural disasters and their impact on both the environment and human health. Let's explore these topics together!",1,4371,,"[0, 1, 0, 1, 2, 0, 0, 1, 1, 0, 0, 0, 1, 0, 4, 0, 1, 1, 6, 2, 2, 2, 3, 0]",[57],ESTJ,[],[],"[""off_line""] * 24",2021-01-01 00:00:00
11,user11,user_11,"Exploring the world, one urban legend and natural disaster at a time. Hospitality and tourism have given me a unique perspective on the stories behind the scenes. Let's uncover the mysteries together!",0,575,,"[1, 1, 1, 1, 1, 1, 0, 0, 0, 0, 0, 0, 1, 1, 1, 2, 2, 2, 1, 1, 2, 1, 1, 1]",[],ESTJ,[],[],"[""off_line""] * 24",2021-01-01 00:00:00
12,user12,user_12,"Hi there! I'm John, a 36-year-old ISFJ with a passion for the arts. As a VFX artist, I spend my days crafting visuals that tell stories. When I'm not working, you'll find me exploring urban legends and staying updated on health trends. Let's dive into the world of mystery and well-being together!",0,647,,"[1, 0, 0, 0, 0, 0, 0, 0, 0, 0, 0, 0, 0, 0, 0, 0, 0, 1, 0, 0, 0, 0, 0, 1]",[],ISFJ,[],[],"[""off_line""] * 24",2021-01-01 00:00:00
13,user13,user_13,"A dedicated ISTJ with a passion for education and understanding the intricate balance of nature. My days are spent crafting lessons that inspire future leaders, and my nights are filled with the intrigue of natural disasters. Join me on my journey of knowledge and survival!",0,105,,"[1, 1, 1, 1, 1, 1, 0, 0, 0, 0, 0, 0, 1, 1, 1, 2, 2, 2, 1, 1, 2, 1, 1, 1]",[],ISTJ,[],[],"[""off_line""] * 24",2021-01-01 00:00:00
14,user14,user_14,"Margaret Thompson, a dedicated ESFJ in her 50s, has spent over two decades ensuring justice and safety in our community. A passionate advocate for both business and education, she believes in the power of knowledge and the importance of ethical leadership. Outside the courtroom, Margaret enjoys reading business strategy books and attending educational seminars. She's an avid learner and a firm believer in lifelong education.",2,139,,"[1, 1, 1, 1, 1, 1, 0, 0, 0, 0, 0, 0, 1, 1, 1, 2, 2, 2, 1, 1, 2, 1, 1, 1]","[106, 127]",ESFJ,[],[],"[""off_line""] * 24",2021-01-01 00:00:00
15,user15,user_15,"Hi there! I'm Alexa, an 18-year-old Health Science enthusiast. As an ESFJ, I'm passionate about helping others and making a positive impact. When I'm not studying or interning at the hospital, you can find me watching the latest business news or binging on my favorite shows. Let's connect and explore the world of health, business, and entertainment together!",1,224,,"[0, 0, 0, 0, 0, 0, 0, 0, 0, 0, 0, 0, 0, 0, 0, 0, 0, 3, 1, 0, 0, 0, 0, 0]",[142],ESFJ,[],[],"[""off_line""] * 24",2021-01-01 00:00:00
16,user16,user_16,"Hi there! I'm Alexa, a 19-year-old who's all about shaping the future through government and public administration. With an MBTI of ENTJ, I'm known for my strategic thinking and leadership. My interests in politics and business drive me to stay informed about the latest trends and innovations. Let's chat about the world of tomorrow!",1,501,,"[4, 2, 0, 3, 6, 0, 0, 0, 0, 0, 0, 0, 0, 10, 0, 6, 6, 12, 6, 10, 4, 9, 1, 12]",[96],ENTJ,[],[],"[""off_line""] * 24",2021-01-01 00:00:00
17,user17,user_17,"Health Science enthusiast with a passion for business and education. I'm an INTP who loves exploring the intersection of health, economics, and education to make a positive impact. Outside work, you can find me reading about innovative healthcare solutions and discussing the latest educational trends.",1,6958,,"[1, 0, 0, 0, 0, 0, 0, 0, 0, 0, 0, 1, 0, 1, 3, 2, 3, 1, 0, 0, 0, 0, 0, 1]",[128],INTP,[],[],"[""off_line""] * 24",2021-01-01 00:00:00
18,user18,user_18,"36-year-old tech enthusiast with a keen eye on the intersection of technology and global issues. I'm a firm believer in the power of innovation to shape a peaceful world. When I'm not decoding the latest tech trends, you'll find me pondering the complexities of modern warfare.",1,123,,"[0, 0, 0, 0, 0, 0, 0, 0, 0, 0, 0, 0, 0, 0, 2, 0, 1, 0, 0, 0, 2, 0, 0, 0]",[148],ESFJ,[],[],"[""off_line""] * 24",2021-01-01 00:00:00
19,user19,user_19,41-year-old manufacturing engineer with a keen interest in the complexities of terrorism and the rapid advancements in science and technology. A self-proclaimed 'problem solver' with a passion for understanding the human condition and the future of our world.,1,5480,,"[20, 14, 11, 7, 20, 37, 3, 7, 0, 0, 0, 0, 0, 2, 2, 0, 3, 3, 7, 1, 7, 1, 8, 18]",[146],ISTJ,[],[],"[""off_line""] * 24",2021-01-01 00:00:00
20,user20,user_20,"A 27-year-old ISTP in the IT industry, I'm constantly diving into the depths of urban legends and exploring the mysteries of health. When I'm not decoding digital puzzles, you'll find me spinning yarns or researching the human body's wonders. Let's connect over the enigmas of life and tech!",1,82,,"[1, 1, 1, 1, 1, 1, 0, 0, 0, 0, 0, 0, 1, 1, 1, 2, 2, 2, 1, 1, 2, 1, 1, 1]",[109],ISTP,[],[],"[""off_line""] * 24",2021-01-01 00:00:00
21,user21,user_21,53-year-old INFP tech wizard and political aficionado. Passionate about harnessing technology to address societal challenges and fascinated by the unpredictable nature of natural disasters.,0,1344,,"[1, 1, 1, 1, 1, 1, 0, 0, 0, 0, 0, 0, 1, 1, 1, 2, 2, 2, 1, 1, 2, 1, 1, 1]",[],INFP,[],[],"[""off_line""] * 24",2021-01-01 00:00:00
22,user22,user_22,27-year-old artist and videographer with a passion for storytelling. I capture the raw essence of life through my lens. My interests range from the complexities of terrorism and war to the delicate balance of human health. Let's explore the world together!,1,211,,"[1, 1, 1, 1, 1, 1, 0, 0, 0, 0, 0, 0, 1, 1, 1, 2, 2, 2, 1, 1, 2, 1, 1, 1]",[122],ESTP,[],[],"[""off_line""] * 24",2021-01-01 00:00:00
23,user23,user_23,"A 27-year-old ISTP with a passion for agriculture and the environment. I love combining my love for technology with my career in agriculture to innovate the way we grow and consume food. When I'm not farming, I'm either reading up on the latest in science and technology or exploring the health benefits of different foods.",1,126,,"[9, 1, 1, 4, 0, 1, 0, 0, 0, 0, 0, 0, 0, 0, 0, 0, 0, 0, 7, 0, 3, 3, 0, 2]",[137],ISTP,[],[],"[""off_line""] * 24",2021-01-01 00:00:00
24,user24,user_24,"Emily Johnson, a seasoned ESFJ in the field of law and public safety, is passionate about making a difference. With over 30 years of experience, she's dedicated to both education and business. When she's not in court, you can find her attending seminars or reading up on the latest in corporate law and educational reforms.",1,6958,,"[1, 1, 1, 1, 1, 1, 0, 0, 0, 0, 0, 0, 1, 1, 1, 2, 2, 2, 1, 1, 2, 1, 1, 1]",[126],ESFJ,[],[],"[""off_line""] * 24",2021-01-01 00:00:00
25,user25,user_25,"47-year-old ESTJ with a passion for shaping the future through government and public administration. A tech enthusiast at heart, I'm always on the lookout for the latest in Science & Technology and Entertainment to keep the world turning.",1,172,,"[3, 2, 0, 1, 1, 0, 0, 0, 0, 0, 0, 0, 0, 0, 5, 0, 10, 0, 0, 1, 13, 1, 0, 1]",[104],ESTJ,[],[],"[""off_line""] * 24",2021-01-01 00:00:00
26,user26,user_26,"A health science professional with a penchant for unraveling the mysteries of urban legends and the latest in science & technology. My days are spent in the lab, but my nights are dedicated to the vast world of knowledge and the unknown. ðŸ§ªðŸ”¬",1,148,,"[0, 0, 0, 0, 0, 0, 0, 0, 0, 0, 0, 0, 0, 0, 0, 0, 0, 0, 0, 1, 0, 0, 1, 0]",[99],INFP,[],[],"[""off_line""] * 24",2021-01-01 00:00:00
27,user27,user_27,"51-year-old finance wizard with a curious mind. Daytime numbers cruncher, nighttime ghost hunter. Love unraveling financial mysteries and the enigmas of urban legends. Keep an eye on my posts for insights and chilling facts!",0,521,,"[3, 3, 4, 1, 3, 1, 0, 1, 2, 1, 0, 0, 0, 0, 2, 17, 1, 2, 2, 0, 0, 3, 0, 0]",[],INTP,[],[],"[""off_line""] * 24",2021-01-01 00:00:00
28,user28,user_28,"Johnathan R. Miller, a seasoned architect, has dedicated his life to the art of building and the study of human behavior. With a passion for understanding the impact of architecture on society, he's always sought to create spaces that inspire and provoke thought. A self-proclaimed observer of the world, Johnathan finds solace in the complexities of terrorism and war, as well as the ephemeral nature of entertainment. He believes that architecture can be a bridge between the real and the fictional, a testament to the resilience of the human spirit.",2,4336,,"[2, 0, 0, 0, 0, 3, 5, 1, 3, 0, 0, 0, 2, 0, 3, 4, 0, 3, 6, 2, 1, 1, 0, 0]","[130, 127]",ISFJ,[],[],"[""off_line""] * 24",2021-01-01 00:00:00
29,user29,user_29,"Johnathon, a seasoned hospitality professional, has spent decades weaving tales of the unknown. His passion for urban legends and the mysteries of terrorism & war have led him to countless destinations, each with its own chilling story to tell. Retired from the industry, he now shares his vast knowledge and experiences on his journey through life's many adventures.",1,241,,"[0, 0, 0, 0, 0, 0, 0, 0, 1, 0, 0, 0, 0, 0, 0, 0, 2, 0, 0, 0, 0, 5, 1, 0]",[122],ENFJ,[],[],"[""off_line""] * 24",2021-01-01 00:00:00
30,user30,user_30,"Hello, I'm Alexa! A 25-year-old ESFJ in the world of Information Technology. When I'm not coding, I'm either binging on the latest entertainment shows or exploring health and wellness tips. Let's connect and share our passions!",1,5480,,"[9, 1, 1, 4, 0, 1, 0, 0, 0, 0, 0, 0, 0, 0, 0, 0, 0, 0, 7, 0, 3, 3, 0, 2]",[99],ESFJ,[],[],"[""off_line""] * 24",2021-01-01 00:00:00
31,user31,user_31,"Hi there! I'm Emily, a 21-year-old ISFJ passionate about Government & Public Administration. I'm deeply concerned about terrorism and war, and I believe in the importance of public health. Outside of work, I enjoy reading, volunteering, and exploring new ways to make our world a better place.",1,3471,,"[1, 1, 1, 1, 1, 1, 0, 0, 0, 0, 0, 0, 1, 1, 1, 2, 2, 2, 1, 1, 2, 1, 1, 1]",[96],ISFJ,[],[],"[""off_line""] * 24",2021-01-01 00:00:00
32,user32,user_32,21-year-old architecture enthusiast with a knack for uncovering urban legends and deciphering the mysteries of natural disasters. Always on the lookout for the next big project!,1,241,,"[0, 0, 0, 0, 0, 0, 0, 0, 0, 0, 0, 0, 0, 0, 1, 4, 0, 2, 0, 0, 0, 0, 0, 0]",[25],ENTJ,[],[],"[""off_line""] * 24",2021-01-01 00:00:00
33,user33,user_33,"Hello, I'm Alexa! A 24-year-old ESFJ with a passion for the arts and the power of storytelling. My journey in the world of audio/visual technology has led me to explore the depths of human curiosity and the mysteries of our world. I'm fascinated by urban legends and the stories of terrorism & war, which I believe shed light on the complexities of our society. Let's dive into the unknown together!",1,223,,"[2, 1, 4, 1, 1, 4, 2, 5, 1, 4, 2, 3, 5, 3, 2, 3, 1, 2, 5, 2, 2, 2, 1, 2]",[148],ESFJ,[],[],"[""off_line""] * 24",2021-01-01 00:00:00
34,user34,user_34,Retired government administrator turned advocate for health and education. Passionate about creating a better world through informed policies and community outreach. ðŸŒŸðŸ’¡,1,1721,,"[0, 0, 0, 2, 3, 0, 0, 0, 0, 0, 0, 0, 0, 0, 1, 0, 0, 0, 0, 0, 0, 0, 0, 0]",[10],ENFJ,[],[],"[""off_line""] * 24",2021-01-01 00:00:00
35,user35,user_35,A seasoned logistics expert with a passion for the wonders of science and the unpredictable nature of natural disasters. 67 years young and still learning every day!,1,575,,"[1, 1, 1, 1, 1, 1, 0, 0, 0, 0, 0, 0, 1, 1, 1, 2, 2, 2, 1, 1, 2, 1, 1, 1]",[64],ENTJ,[],[],"[""off_line""] * 24",2021-01-01 00:00:00
36,user36,user_36,34-year-old ISFP attorney with a passion for science and health. Always on the lookout for innovative legal solutions and the latest advancements in tech and wellness. Let's connect over shared interests!,1,61,,"[1, 1, 1, 1, 1, 1, 0, 0, 0, 0, 0, 0, 1, 1, 1, 2, 2, 2, 1, 1, 2, 1, 1, 1]",[3],ISFP,[],[],"[""off_line""] * 24",2021-01-01 00:00:00
37,user37,user_37,"Margaret has spent over half a century in the manufacturing industry, where she's seen the evolution of technology firsthand. Her passion for science and technology has never waned, and she's always been fascinated by how innovations in health care can improve lives. When she's not at work, you can find her diving into the latest research on both topics.",1,5480,,"[1, 1, 1, 1, 1, 1, 0, 0, 0, 0, 0, 0, 1, 1, 1, 2, 2, 2, 1, 1, 2, 1, 1, 1]",[71],ISTJ,[],[],"[""off_line""] * 24",2021-01-01 00:00:00
38,user38,user_38,"A 33-year-old ENFJ with a passion for agriculture and food. I love nurturing the land and sharing my knowledge. When I'm not in the fields, you can find me exploring the business world and enjoying a good show.",1,523,,"[0, 0, 2, 0, 0, 0, 0, 0, 0, 0, 0, 0, 1, 0, 2, 1, 2, 1, 0, 0, 0, 0, 0, 1]",[109],ENFJ,[],[],"[""off_line""] * 24",2021-01-01 00:00:00
39,user39,user_39,"Hello! I'm Emma, a 30-year-old Marketing Specialist with a passion for all things creative and educational. I thrive in social settings and am always eager to learn something new. Whether it's unraveling urban legends or diving into the depths of educational content, I'm always ready for an adventure. Let's connect and share our stories!",0,126,,"[0, 0, 0, 0, 0, 0, 0, 0, 1, 0, 3, 0, 2, 1, 0, 2, 0, 0, 0, 0, 0, 1, 0, 0]",[],ESFP,[],[],"[""off_line""] * 24",2021-01-01 00:00:00
40,user40,user_40,"Hi there! I'm Alexa, a 14-year-old who loves the thrill of transportation and logistics. My days are filled with the buzz of urban legends and the strategies of business. I'm always on the move, exploring new routes and ideas!",0,164,,"[1, 1, 1, 1, 1, 1, 0, 0, 0, 0, 0, 0, 1, 1, 1, 2, 2, 2, 1, 1, 2, 1, 1, 1]",[],ESTP,[],[],"[""off_line""] * 24",2021-01-01 00:00:00
41,user41,user_41,Health Science enthusiast with a passion for both business and technology. I believe in using innovative solutions to improve healthcare. Connect with me to discuss the future of medicine and entrepreneurship!,1,1934,,"[1, 1, 1, 1, 1, 1, 0, 0, 0, 0, 0, 0, 1, 1, 1, 2, 2, 2, 1, 1, 2, 1, 1, 1]",[92],ESFJ,[],[],"[""off_line""] * 24",2021-01-01 00:00:00
42,user42,user_42,"22-year-old ENTP with a passion for technology and politics. I love diving into the latest tech trends and staying informed about the political landscape. When I'm not coding or reading up on policy, you can find me watching the latest sci-fi series or discussing the day's news with my friends.",1,3157,,"[4, 2, 0, 3, 6, 0, 0, 0, 0, 0, 0, 0, 0, 10, 0, 6, 6, 12, 6, 10, 4, 9, 1, 12]",[137],ENTP,[],[],"[""off_line""] * 24",2021-01-01 00:00:00
43,user43,user_43,"Emily Hart, a logistics expert with a passion for the world of transportation and distribution. INFJ at heart, she navigates the complexities of logistics with a strategic mind. A politics enthusiast and a tech aficionado, Emily loves exploring how these fields intersect and shape our future.",1,3226,,"[1, 1, 1, 1, 1, 1, 0, 0, 0, 0, 0, 0, 1, 1, 1, 2, 2, 2, 1, 1, 2, 1, 1, 1]",[137],INFJ,[],[],"[""off_line""] * 24",2021-01-01 00:00:00
44,user44,user_44,"Finance expert with a passion for education. ISFJ at heart, I love helping others grow in their careers and personal lives. Always eager to learn something new!",1,476,,"[1, 1, 1, 1, 1, 1, 0, 0, 0, 0, 0, 0, 1, 1, 1, 2, 2, 2, 1, 1, 2, 1, 1, 1]",[68],ISFJ,[],[],"[""off_line""] * 24",2021-01-01 00:00:00
45,user45,user_45,29-year-old ISTP with a passion for architecture and construction. Always fascinated by the complexities of terrorism and the unpredictable nature of natural disasters. Let's build and discuss the world around us!,1,20090,,"[0, 0, 0, 0, 0, 0, 0, 0, 0, 0, 0, 0, 0, 0, 0, 0, 1, 0, 0, 0, 0, 0, 1, 1]",[3],ISTP,[],[],"[""off_line""] * 24",2021-01-01 00:00:00
46,user46,user_46,"Retired government official with a passion for learning. My career in public administration has allowed me to explore the intersection of business and technology. Now, I enjoy staying updated with the latest advancements in both fields and sharing my insights with the world.",1,872,,"[0, 0, 0, 0, 0, 0, 0, 2, 1, 1, 3, 0, 0, 1, 1, 0, 0, 0, 0, 0, 1, 1, 0, 0]",[3],ISFP,[],[],"[""off_line""] * 24",2021-01-01 00:00:00
47,user47,user_47,32-year-old law enthusiast with a passion for unraveling urban legends and the entertainment world. A day doesn't go by without diving into a new mystery or a thrilling plot twist.,1,1447,,"[0, 0, 0, 0, 0, 0, 0, 0, 1, 0, 0, 0, 0, 0, 0, 0, 2, 0, 0, 0, 0, 5, 1, 0]",[13],INTP,[],[],"[""off_line""] * 24",2021-01-01 00:00:00
48,user48,user_48,"Finance enthusiast turned tech hobbyist. ISTP at heart, I'm always curious about how numbers and tech intersect.",1,1158,,"[1, 1, 1, 1, 1, 1, 0, 0, 0, 0, 0, 0, 1, 1, 1, 2, 2, 2, 1, 1, 2, 1, 1, 1]",[109],ISTP,[],[],"[""off_line""] * 24",2021-01-01 00:00:00
49,user49,user_49,"22-year-old ISFP artist and videographer with a passion for politics and understanding the complexities of terrorism and war. My lens captures the world's narratives, one frame at a time.",0,443,,"[0, 0, 0, 4, 2, 0, 1, 0, 0, 0, 2, 0, 0, 0, 7, 1, 2, 0, 1, 2, 2, 1, 0, 0]",[],ISFP,[],[],"[""off_line""] * 24",2021-01-01 00:00:00
50,user50,user_50,23-year-old Information Technology enthusiast with a passion for politics and science. Always exploring the intersection of technology and society.,1,172,,"[1, 1, 1, 1, 1, 1, 0, 0, 0, 0, 0, 0, 1, 1, 1, 2, 2, 2, 1, 1, 2, 1, 1, 1]",[106],INFP,[],[],"[""off_line""] * 24",2021-01-01 00:00:00
51,user51,user_51,"Hi there! I'm Emma, a 17-year-old ISTJ with a passion for Business Management & Administration. I love diving into the world of business and staying updated with the latest in Science & Technology. Outside of work, I'm a keen reader and enjoy solving puzzles. Let's connect and share insights!",1,460,,"[0, 0, 0, 0, 0, 0, 0, 0, 1, 0, 0, 0, 0, 0, 0, 0, 2, 0, 0, 0, 0, 5, 1, 0]",[128],ISTJ,[],[],"[""off_line""] * 24",2021-01-01 00:00:00
52,user52,user_52,"Passionate about nurturing both the land and community. As an ENFJ, I'm dedicated to fostering growth and learning in agriculture. My journey began in the heart of the countryside, where I discovered a love for both the art and science of farming. Beyond my profession, I'm captivated by the world of business and the power of education. Let's connect over sustainable practices, innovative ideas, and lifelong learning!",1,822,,"[2, 0, 0, 0, 0, 3, 5, 1, 3, 0, 0, 0, 2, 0, 3, 4, 0, 3, 6, 2, 1, 1, 0, 0]",[106],ENFJ,[],[],"[""off_line""] * 24",2021-01-01 00:00:00
53,user53,user_53,"15-year-old explorer of the unknown. Passionate about education and training, I'm always on the lookout for new urban legends and the latest in science and technology. Let's share the wonders of the world together!",1,254,,"[1, 1, 1, 0, 0, 0, 0, 0, 0, 0, 0, 0, 2, 2, 10, 4, 3, 8, 5, 4, 6, 1, 1, 5]",[43],ESFP,[],[],"[""off_line""] * 24",2021-01-01 00:00:00
54,user54,user_54,"Hello! I'm Olivia, an ISFJ at heart, dedicated to shaping young minds in the field of education and training. I'm passionate about business and health, constantly seeking to improve both my professional and personal life. When I'm not in the classroom, you can find me exploring new business trends or staying active to maintain a healthy lifestyle. Let's connect and share insights!",0,350,,"[0, 1, 0, 0, 0, 0, 0, 0, 0, 0, 0, 0, 0, 0, 0, 1, 2, 3, 1, 1, 2, 0, 0, 0]",[],ISFJ,[],[],"[""off_line""] * 24",2021-01-01 00:00:00
55,user55,user_55,34-year-old Manufacturing Engineer turned Natural Disaster Enthusiast. Passionate about understanding the science behind Earth's unpredictable forces. Also a strong advocate for education and its transformative power.,2,1158,,"[1, 1, 1, 1, 1, 1, 0, 0, 0, 0, 0, 0, 1, 1, 1, 2, 2, 2, 1, 1, 2, 1, 1, 1]","[10, 148]",ESTP,"['vladimir putinâ€™s motorcade as seen from the air.']",[],"[""off_line""] * 24",2021-01-01 00:00:00
56,user56,user_56,"63-year-old marketing veteran with a keen eye on the political landscape. A lifelong learner, I've navigated the ever-evolving world of marketing while staying grounded in the complexities of politics and the impact of terrorism & war on society.",1,1158,,"[0, 0, 0, 0, 0, 0, 0, 0, 1, 0, 3, 0, 2, 1, 0, 2, 0, 0, 0, 0, 0, 1, 0, 0]",[129],ISTJ,[],[],"[""off_line""] * 24",2021-01-01 00:00:00
57,user57,user_57,"33-year-old logistics expert with a passion for the world of entertainment and the fascinating dynamics of natural disasters. Always on the move, exploring new horizons both professionally and personally.",0,1529,,"[0, 1, 0, 0, 0, 0, 0, 0, 0, 0, 0, 7, 9, 1, 2, 4, 3, 4, 1, 1, 3, 2, 0, 3]",[],ENTJ,[],[],"[""off_line""] * 24",2021-01-01 00:00:00
58,user58,user_58,"51-year-old legal eagle with a passion for both law and business. A lifelong learner, I'm always on the lookout for new insights in education and the corporate world. Outside the courtroom, I'm a tech enthusiast and a dedicated community volunteer.",1,1449,,"[1, 1, 1, 1, 1, 1, 0, 0, 0, 0, 0, 0, 1, 1, 1, 2, 2, 2, 1, 1, 2, 1, 1, 1]",[137],ESFJ,[],[],"[""off_line""] * 24",2021-01-01 00:00:00
59,user59,user_59,Health Science enthusiast with a passion for exploring the latest in Science & Technology and keeping up with the entertainment world. Always on the lookout for innovative solutions to improve healthcare.,1,5336,,"[0, 0, 1, 0, 2, 0, 0, 0, 0, 0, 0, 0, 0, 0, 0, 0, 0, 0, 0, 0, 0, 0, 0, 0]",[148],ESTP,[],[],"[""off_line""] * 24",2021-01-01 00:00:00
60,user60,user_60,"29-year-old marketing wizard with a heart for entertainment and a thirst for knowledge. When I'm not spreading the word about the latest trends, you'll find me binging on documentaries or attending film festivals. Let's connect over the magic of storytelling and learning!",1,1054,,"[0, 0, 1, 0, 0, 0, 0, 0, 1, 0, 0, 0, 0, 0, 0, 0, 1, 2, 0, 0, 1, 0, 0, 0]",[106],ESFP,[],[],"[""off_line""] * 24",2021-01-01 00:00:00
61,user61,user_61,"A lifelong advocate for peace and justice, Alexandra Winters has dedicated her career to the intricate world of Government & Public Administration. With a mind that thrives on innovation and a spirit that seeks understanding, she navigates the complexities of politics and the challenges of terrorism & war. Outside the realm of policy, she finds solace in the arts and literature, believing that creativity can bridge divides and foster empathy.",0,822,,"[9, 1, 1, 4, 0, 1, 0, 0, 0, 0, 0, 0, 0, 0, 0, 0, 0, 0, 7, 0, 3, 3, 0, 2]",[],ENTP,[],[],"[""off_line""] * 24",2021-01-01 00:00:00
62,user62,user_62,"A 39-year-old ENFJ in the world of Business Management & Administration. Passionate about understanding the complexities of Terrorism & War, and advocating for better education systems. Always seeking harmony in a chaotic world.",1,182,,"[0, 0, 0, 2, 3, 0, 0, 0, 0, 0, 0, 0, 0, 0, 1, 0, 0, 0, 0, 0, 0, 0, 0, 0]",[57],ENFJ,[],[],"[""off_line""] * 24",2021-01-01 00:00:00
63,user63,user_63,"Johnathan Miller, a dedicated Business Management & Administration professional with a heart for public service. A self-proclaimed ISFJ, he values order and harmony in all aspects of life. When not at work, Johnathan is an avid follower of politics and keeps himself informed about the latest natural disasters to stay prepared and support his community.",1,518,,"[1, 0, 0, 0, 0, 0, 0, 0, 0, 0, 0, 0, 0, 0, 0, 0, 0, 1, 0, 0, 0, 0, 0, 1]",[122],ISFJ,[],[],"[""off_line""] * 24",2021-01-01 00:00:00
64,user64,user_64,18-year-old ISFP with a passion for manufacturing and a love for the arts. I spend my days crafting intricate metal sculptures and my nights diving into the world of entertainment and education. Always looking to learn something new and create something beautiful.,0,556,,"[1, 1, 1, 1, 1, 1, 0, 0, 0, 0, 0, 0, 1, 1, 1, 2, 2, 2, 1, 1, 2, 1, 1, 1]",[],ISFP,[],[],"[""off_line""] * 24",2021-01-01 00:00:00
65,user65,user_65,"Margaret 'Marge' Thompson, age 55, is a dedicated legal professional with a passion for justice and security. With over three decades of experience in law, public safety, corrections, and security, she has built a reputation for her meticulous attention to detail and unwavering commitment to the rule of law. Outside of her career, Marge is an avid reader who loves exploring the realms of business and science & technology. She's often found discussing the latest trends and innovations with like-minded individuals.",1,5480,,"[1, 1, 1, 1, 1, 1, 0, 0, 0, 0, 0, 0, 1, 1, 1, 2, 2, 2, 1, 1, 2, 1, 1, 1]",[130],ISTJ,[],[],"[""off_line""] * 24",2021-01-01 00:00:00
66,user66,user_66,"Hi there! I'm Emily, a dedicated ESFJ in the field of law and public safety. My passion for understanding and mitigating natural disasters has led me to a unique blend of law and emergency management. When I'm not working, I'm exploring health-related topics and staying active. Let's connect and share our stories!",1,822,,"[0, 0, 0, 2, 0, 1, 0, 0, 0, 0, 0, 0, 0, 0, 0, 0, 0, 3, 0, 0, 1, 0, 2, 0]",[10],ESFJ,[],[],"[""off_line""] * 24",2021-01-01 00:00:00
67,user67,user_67,"Retired government official with a passion for public service and global health issues. I've dedicated my career to protecting and serving my community, and now I continue to stay informed about current events, particularly terrorism and war. Health is also a personal interest, as I've seen the impact it has on society over the years.",1,188,,"[1, 1, 1, 1, 1, 1, 0, 0, 0, 0, 0, 0, 1, 1, 1, 2, 2, 2, 1, 1, 2, 1, 1, 1]",[128],ISTJ,[],[],"[""off_line""] * 24",2021-01-01 00:00:00
68,user68,user_68,"28-year-old ISTJ with a passion for the intersection of arts and technology. A day in the life of an audio/visual wizard who loves to dive into the world of science and health. Always curious, always creating.",0,224,,"[0, 0, 0, 4, 2, 0, 1, 0, 0, 0, 2, 0, 0, 0, 7, 1, 2, 0, 1, 2, 2, 1, 0, 0]",[],ISTJ,[],[],"[""off_line""] * 24",2021-01-01 00:00:00
69,user69,user_69,"A dedicated Health Scientist with a passion for unraveling the mysteries of the human body and the wonders of the natural world. With a keen interest in science and technology, I'm constantly seeking to understand the science behind natural disasters. Let's explore and learn together!",1,82,,"[0, 0, 0, 0, 0, 0, 0, 0, 0, 0, 0, 0, 0, 0, 0, 0, 0, 3, 1, 0, 0, 0, 0, 0]",[130],ISTJ,[],[],"[""off_line""] * 24",2021-01-01 00:00:00
70,user70,user_70,"Retired Human Services professional turned political and entertainment enthusiast. ISTJ at heart, I believe in order and tradition. Always eager to learn and engage in meaningful conversations.",0,822,,"[0, 0, 0, 0, 0, 0, 0, 0, 0, 0, 0, 0, 0, 0, 1, 0, 0, 1, 0, 0, 1, 0, 0, 0]",[],ISTJ,[],[],"[""off_line""] * 24",2021-01-01 00:00:00
71,user71,user_71,"Hey there! I'm Emma, a 16-year-old ENTP with a passion for marketing and all things entertainment. My days are filled with brainstorming creative campaigns and staying up-to-date with the latest health trends. Whether I'm watching a new movie, trying out a new fitness routine, or planning my next marketing strategy, I'm always on the go! Let's connect and share our adventures!",1,148,,"[0, 0, 0, 0, 0, 0, 0, 0, 0, 0, 0, 0, 0, 0, 0, 0, 0, 0, 0, 1, 0, 0, 1, 0]",[73],ENTP,[],[],"[""off_line""] * 24",2021-01-01 00:00:00
72,user72,user_72,Retired media technician with a passion for uncovering the truth behind urban legends and sharing educational insights. Always eager to learn and spread knowledge.,1,268,,"[1, 1, 1, 1, 1, 1, 0, 0, 0, 0, 0, 0, 1, 1, 1, 2, 2, 2, 1, 1, 2, 1, 1, 1]",[17],ISTJ,[],[],"[""off_line""] * 24",2021-01-01 00:00:00
73,user73,user_73,"Johnathon D. Taylor, a 69-year-old Human Services professional with a heart for helping others. With a deep interest in politics and natural disasters, he's dedicated to making a difference in the world around him. An ESFJ at heart, he's known for his empathy and strong sense of community.",1,139,,"[1, 1, 1, 1, 1, 1, 0, 0, 0, 0, 0, 0, 1, 1, 1, 2, 2, 2, 1, 1, 2, 1, 1, 1]",[127],ESFJ,[],[],"[""off_line""] * 24",2021-01-01 00:00:00
74,user74,user_74,"A dedicated civil servant at heart, John Michael Thompson, or as many know me, @TheUrbanTechMind, I am passionate about ensuring the smooth functioning of our community. With a keen interest in urban legends and the ever-evolving world of science and technology, I find my hobbies blend perfectly with my career in Government & Public Administration. Whether I'm uncovering the truth behind a local legend or diving into the latest tech trends, my goal is to bring clarity and innovation to the table. Let's connect and explore the fascinating intersections of our world!",1,5480,,"[1, 1, 1, 1, 1, 1, 0, 0, 0, 0, 0, 0, 1, 1, 1, 2, 2, 2, 1, 1, 2, 1, 1, 1]",[139],ISTJ,[],[],"[""off_line""] * 24",2021-01-01 00:00:00
75,user75,user_75,"John Michael Thompson, a 32-year-old ISFJ, is an enthusiastic educator and trainer with a passion for entertainment and health. With a background in education, he has a unique perspective on combining fun and wellness in learning. When not in the classroom, you can find him exploring the latest in entertainment or researching health trends.",1,149,,"[0, 3, 0, 0, 0, 0, 0, 0, 0, 0, 0, 0, 0, 1, 0, 0, 0, 0, 0, 0, 0, 0, 0, 0]",[122],ISFJ,[],[],"[""off_line""] * 24",2021-01-01 00:00:00
76,user76,user_76,49-year-old tech wizard with a soft spot for the natural world. A self-proclaimed IT specialist turned environmental and health advocate. Passionate about understanding and mitigating the impact of natural disasters on human health. Always on the lookout for innovative solutions.,1,120,,"[1, 1, 1, 1, 1, 1, 0, 0, 0, 0, 0, 0, 1, 1, 1, 2, 2, 2, 1, 1, 2, 1, 1, 1]",[92],ISTJ,[],[],"[""off_line""] * 24",2021-01-01 00:00:00
77,user77,user_77,"32-year-old ENFP with a passion for agriculture and the environment. I'm always exploring the intersection of science, technology, and education to make a difference in the world. Let's grow together!",0,82,,"[0, 0, 0, 0, 0, 0, 0, 0, 0, 0, 0, 0, 0, 0, 0, 0, 0, 0, 1, 1, 0, 0, 0, 0]",[],ENFP,[],[],"[""off_line""] * 24",2021-01-01 00:00:00
78,user78,user_78,"Educator by day, disaster preparedness enthusiast by night. Passionate about health and wellness, always looking for ways to improve the world around me.",0,1344,,"[1, 1, 1, 1, 1, 1, 0, 0, 0, 0, 0, 0, 1, 1, 1, 2, 2, 2, 1, 1, 2, 1, 1, 1]",[],ENFJ,[],[],"[""off_line""] * 24",2021-01-01 00:00:00
79,user79,user_79,47-year-old logistics expert with a passion for the intricacies of the transportation industry. Always up-to-date with the latest political and business trends.,1,822,,"[1, 1, 1, 1, 1, 1, 0, 0, 0, 0, 0, 0, 1, 1, 1, 2, 2, 2, 1, 1, 2, 1, 1, 1]",[13],ESFJ,[],[],"[""off_line""] * 24",2021-01-01 00:00:00
80,user80,user_80,Health Science enthusiast with a passion for understanding the complexities of human health. Always seeking to learn more about the intersection of terrorism & war and how it affects public health. #HealthScience #TechTrends #GlobalHealth,1,708,,"[1, 1, 1, 1, 1, 1, 0, 0, 0, 0, 0, 0, 1, 1, 1, 2, 2, 2, 1, 1, 2, 1, 1, 1]",[23],ISFJ,[],[],"[""off_line""] * 24",2021-01-01 00:00:00
81,user81,user_81,Finance enthusiast with a heart for understanding the complexities of the world. Passionate about education and its power to shape the future. Obsessed with decoding the mysteries of terrorism and war. Always seeking knowledge and balance.,1,188,,"[0, 0, 0, 0, 0, 0, 0, 0, 0, 0, 0, 0, 0, 0, 0, 0, 0, 0, 1, 1, 0, 0, 0, 0]",[127],ESFJ,[],[],"[""off_line""] * 24",2021-01-01 00:00:00
82,user82,user_82,"Hello, I'm Alexa! A 19-year-old ESTJ with a passion for agriculture and the natural world. I love exploring urban legends and natural disasters, and how they intertwine with the environment around us. When I'm not farming, you can find me researching these fascinating topics or sharing my findings on social media!",1,521,,"[0, 0, 0, 1, 0, 0, 0, 1, 0, 0, 0, 0, 0, 3, 2, 0, 0, 1, 0, 2, 4, 1, 0, 0]",[71],ESTJ,[],[],"[""off_line""] * 24",2021-01-01 00:00:00
83,user83,user_83,"John Doe, a 49-year-old finance professional, has a passion for deciphering the economic landscape and staying up-to-date with the latest in politics and entertainment. With a sharp analytical mind and a love for storytelling, he's always looking to share insights and engage in meaningful conversations.",0,2170,,"[0, 0, 0, 0, 0, 0, 0, 0, 0, 0, 0, 0, 0, 0, 2, 0, 1, 0, 0, 0, 2, 0, 0, 0]",[],ENTJ,[],[],"[""off_line""] * 24",2021-01-01 00:00:00
84,user84,user_84,"27-year-old ISFP with a passion for shaping minds and understanding the world. Educator by day, philosopher by night. Exploring the complexities of Terrorism & War and the wonders of Science & Technology.",1,1449,,"[1, 1, 1, 1, 1, 1, 0, 0, 0, 0, 0, 0, 1, 1, 1, 2, 2, 2, 1, 1, 2, 1, 1, 1]",[137],ISFP,[],[],"[""off_line""] * 24",2021-01-01 00:00:00
85,user85,user_85,"Hello, world! I'm Alexa, a 27-year-old traveler with a passion for the hospitality and tourism industry. As an ESFP, I'm always on the go, exploring new cultures and meeting fascinating people. My interests range from politics to understanding the complexities of terrorism and war. Let's embark on a journey together!",1,612,,"[1, 1, 1, 1, 1, 1, 0, 0, 0, 0, 0, 0, 1, 1, 1, 2, 2, 2, 1, 1, 2, 1, 1, 1]",[64],ESFP,[],[],"[""off_line""] * 24",2021-01-01 00:00:00
86,user86,user_86,"28-year-old ISTJ in the field of Information Technology. Passionate about unraveling the complexities of digital warfare and shaping the future of education. Constantly seeking knowledge and innovation in technology, terrorism, and war strategies.",1,211,,"[1, 1, 1, 1, 1, 1, 0, 0, 0, 0, 0, 0, 1, 1, 1, 2, 2, 2, 1, 1, 2, 1, 1, 1]",[122],ISTJ,[],[],"[""off_line""] * 24",2021-01-01 00:00:00
87,user87,user_87,"Hello, I'm Aria Luna, a 21-year-old ISFJ passionate about Business Management & Administration. I thrive in organizing and ensuring smooth operations. My interests include staying updated on politics and the fascinating world of natural disasters. Let's connect and share our insights!",1,872,,"[1, 1, 1, 1, 1, 1, 0, 0, 0, 0, 0, 0, 1, 1, 1, 2, 2, 2, 1, 1, 2, 1, 1, 1]",[33],ISFJ,[],[],"[""off_line""] * 24",2021-01-01 00:00:00
88,user88,user_88,27-year-old ENFP in the field of Health Science. Passionate about the intersection of technology and health. Always exploring the latest advancements in science and sharing insights with the community.,0,476,,"[1, 1, 1, 1, 1, 1, 0, 0, 0, 0, 0, 0, 1, 1, 1, 2, 2, 2, 1, 1, 2, 1, 1, 1]",[],ENFP,[],[],"[""off_line""] * 24",2021-01-01 00:00:00
89,user89,user_89,"Eleanor Hart, age 57, is a seasoned lawyer with a keen interest in law, public safety, corrections, and security. With a background in counter-terrorism, she has spent decades defending the rights of the accused while advocating for a safer world. Her extensive experience has fueled her passion for understanding the complexities of terrorism and the rapid advancements in science and technology. Outside the courtroom, Eleanor is an avid reader, a dedicated hiker, and an enthusiast for historical documentaries.",0,241,,"[0, 0, 0, 0, 0, 0, 0, 2, 1, 1, 3, 0, 0, 1, 1, 0, 0, 0, 0, 0, 1, 1, 0, 0]",[],ISTJ,[],[],"[""off_line""] * 24",2021-01-01 00:00:00
90,user90,user_90,"57-year-old Human Services professional with a passion for understanding the complexities of terrorism and war, as well as a deep love for the entertainment industry. ESTJ by MBTI, I'm a leader who's always on the lookout for solutions and a good story.",1,585,,"[3, 1, 0, 2, 0, 0, 0, 0, 0, 0, 0, 0, 0, 1, 0, 1, 0, 0, 0, 0, 1, 0, 0, 0]",[57],ESTJ,[],[],"[""off_line""] * 24",2021-01-01 00:00:00
91,user91,user_91,"Hello, world! I'm Alexandria, a 49-year-old explorer of life's diverse landscapes. With a heart for agriculture and a passion for understanding the world around us, I navigate through the fields and into the stories of those who shape our food and natural resources. I'm an ESFJ at heart, finding joy in nurturing communities and cultures. When I'm not busy with my work, I dive into the depths of terrorism and war stories to understand the complexities of our world. And for a little bit of escapism, I love the glitz and glamour of entertainment. Let's connect and share the wonders of this journey together!",0,268,,"[0, 0, 1, 0, 2, 0, 0, 0, 0, 0, 0, 0, 0, 0, 0, 0, 0, 0, 0, 0, 0, 0, 0, 0]",[],ESFJ,[],[],"[""off_line""] * 24",2021-01-01 00:00:00
92,user92,user_92,21-year-old ENFP with a passion for human services and social change. Currently diving into the realms of politics and education to make a difference. Let's connect and share ideas!,1,3471,,"[1, 1, 1, 1, 1, 1, 0, 0, 0, 0, 0, 0, 1, 1, 1, 2, 2, 2, 1, 1, 2, 1, 1, 1]",[62],ENFP,[],[],"[""off_line""] * 24",2021-01-01 00:00:00
93,user93,user_93,"A lifelong learner in the world of agriculture and food science, I'm passionate about promoting health and education in sustainable living. As an INTP, I love diving into complex ideas and sharing my knowledge with the world. When I'm not in the fields, you'll find me in the library or at a local farmers' market.",0,822,,"[1, 1, 1, 1, 1, 1, 0, 0, 0, 0, 0, 0, 1, 1, 1, 2, 2, 2, 1, 1, 2, 1, 1, 1]",[],INTP,[],[],"[""off_line""] * 24",2021-01-01 00:00:00
94,user94,user_94,"Hey there! I'm Alexandra, an INFP with a heart for the arts. As an Arts, Audio/Video Technology & Communications professional, I spend my days capturing moments and expressing thoughts through media. I'm deeply interested in politics and health, as they are topics that fuel my passion for making a positive impact on the world around me.",0,121,,"[0, 3, 0, 0, 2, 0, 0, 0, 0, 0, 0, 0, 0, 1, 1, 1, 0, 1, 0, 0, 0, 0, 1, 0]",[],INFP,[],[],"[""off_line""] * 24",2021-01-01 00:00:00
95,user95,user_95,"Human Services professional with a passion for making a difference. Always up for a political debate or an educational exchange. ENFJ at heart, I thrive on helping others grow and learn.",1,3471,,"[0, 0, 0, 0, 0, 0, 0, 0, 0, 0, 0, 0, 0, 0, 0, 0, 0, 0, 2, 1, 0, 1, 0, 0]",[148],ENFJ,[],[],"[""off_line""] * 24",2021-01-01 00:00:00
96,user96,user_96,"34-year-old ENFJ with a passion for the arts and storytelling. A communications specialist by day, I delve into the depths of business and the complexities of terrorism & war by night. Always seeking to understand the human condition through various lenses.",2,562,,"[0, 0, 0, 0, 0, 0, 0, 0, 0, 0, 0, 0, 0, 0, 0, 0, 0, 0, 1, 0, 1, 0, 0, 0]","[73, 33]",ENFJ,[],[],"[""off_line""] * 24",2021-01-01 00:00:00
97,user97,user_97,"A 26-year-old ISTP with a passion for education and training. I'm always on the lookout for ways to make learning fun and engaging. My interests include natural disasters, health, and exploring the world around us.",1,233,,"[0, 0, 0, 0, 0, 0, 0, 0, 0, 0, 0, 0, 0, 0, 0, 0, 0, 0, 1, 0, 1, 0, 0, 0]",[26],ISTP,[],[],"[""off_line""] * 24",2021-01-01 00:00:00
98,user98,user_98,"In the pursuit of justice and safety, Evelyn Carter dedicates her life to the legal field. With a keen mind for detail and a strong sense of ethics, she navigates the complexities of law, public safety, corrections, and security. Outside her professional endeavors, she's fascinated by the dynamics of terrorism and the impact of natural disasters, using her knowledge to stay informed and vigilant in our ever-changing world.",0,2139,,"[10, 10, 8, 6, 7, 0, 7, 0, 2, 0, 0, 1, 15, 11, 11, 19, 28, 14, 6, 10, 17, 11, 8, 16]",[],INFJ,[],[],"[""off_line""] * 24",2021-01-01 00:00:00
99,user99,user_99,"40-year-old Marketing Strategist with a penchant for unraveling urban legends and staying abreast of health trends. INFP at heart, I'm always seeking balance in life's chaos.",1,139,,"[1, 1, 1, 1, 1, 1, 0, 0, 0, 0, 0, 0, 1, 1, 1, 2, 2, 2, 1, 1, 2, 1, 1, 1]",[13],INFP,[],[],"[""off_line""] * 24",2021-01-01 00:00:00
100,user100,user_100,23-year-old ISFJ from the tech world. Passionate about understanding the complex intersections of technology and societal issues. I'm a curious mind with a focus on health and the implications of terrorism in the modern world.,1,575,,"[1, 1, 1, 1, 1, 1, 0, 0, 0, 0, 0, 0, 1, 1, 1, 2, 2, 2, 1, 1, 2, 1, 1, 1]",[106],ISFJ,[],[],"[""off_line""] * 24",2021-01-01 00:00:00
101,user101,user_101,"Educator by day, urban legend hunter by night. Passionate about health and fitness. ISTP at heart, always seeking new challenges and adventures.",0,9,,"[0, 2, 0, 1, 0, 0, 0, 0, 0, 0, 0, 0, 0, 0, 0, 0, 1, 0, 0, 0, 0, 0, 0, 0]",[],ISTP,[],[],"[""off_line""] * 24",2021-01-01 00:00:00
102,user102,user_102,"Hey there! I'm Alexa, a 14-year-old ISFJ with a passion for transportation and logistics. I'm fascinated by how businesses and technology come together to make our world move. When I'm not managing the family's logistics or diving into business books, you can find me tinkering with gadgets and reading up on the latest tech trends. Let's connect and share our interests in Business and Science & Technology!",1,2211,,"[0, 0, 0, 0, 0, 0, 0, 0, 0, 0, 0, 0, 0, 0, 0, 0, 0, 0, 2, 1, 0, 1, 0, 0]",[139],ISFJ,[],[],"[""off_line""] * 24",2021-01-01 00:00:00
103,user103,user_103,"42-year-old hospitality and tourism professional with a heart for politics and entertainment. A globe-trotter at heart, I love sharing my adventures and insights on both sides of the world.",1,872,,"[7, 3, 12, 6, 5, 1, 5, 0, 0, 3, 0, 0, 3, 2, 0, 2, 1, 2, 7, 11, 2, 8, 4, 2]",[137],ISFP,[],[],"[""off_line""] * 24",2021-01-01 00:00:00
104,user104,user_104,"I'm Elaine, a 64-year-old ENFP with a passion for human services. My journey has taken me from the heart of community work to the edge of technological marvels. I'm fascinated by the way science and technology intersect with our daily lives, especially in the face of natural disasters. Let's explore the wonders of the world together!",1,2139,,"[0, 3, 0, 0, 0, 0, 0, 0, 0, 0, 0, 0, 0, 1, 0, 0, 0, 0, 0, 0, 0, 0, 0, 0]",[10],ENFP,[],[],"[""off_line""] * 24",2021-01-01 00:00:00
105,user105,user_105,"48-year-old INFJ with a passion for understanding the enigmatic and the unpredictable. As a Business Management & Administration professional, I blend strategic thinking with a love for unraveling urban legends and predicting the paths of natural disasters. Let's explore the unknown together!",1,2139,,"[0, 0, 0, 0, 0, 0, 0, 0, 0, 0, 0, 0, 0, 0, 2, 0, 1, 0, 0, 0, 2, 0, 0, 0]",[10],INFJ,[],[],"[""off_line""] * 24",2021-01-01 00:00:00
106,user106,user_106,15-year-old INTP with a passion for Government & Public Administration. Always on the lookout for innovative business strategies and the latest entertainment trends. Let's connect and discuss the future!,1,518,,"[0, 0, 0, 0, 0, 0, 0, 0, 0, 0, 0, 0, 0, 0, 0, 0, 2, 3, 8, 6, 2, 1, 2, 2]",[10],INTP,[],[],"[""off_line""] * 24",2021-01-01 00:00:00
107,user107,user_107,"Alexandre Duro, 43, is a dedicated artist and videographer with a unique perspective on the world. With a keen eye for detail and a passion for storytelling, he captures the raw emotions of terrorism and war, while also exploring the delicate balance of health and well-being. His work is a blend of activism and art, aiming to spark conversations and raise awareness.",1,4531,,"[0, 3, 0, 0, 2, 0, 0, 0, 0, 0, 0, 0, 0, 1, 1, 1, 0, 1, 0, 0, 0, 0, 1, 0]",[92],ESTJ,[],[],"[""off_line""] * 24",2021-01-01 00:00:00
108,user108,user_108,"52-year-old ESFP with a heart for the arts. I've dedicated my life to the vibrant world of Arts, Audio/Video Technology & Communications. When I'm not capturing moments or creating stories, I'm diving into the depths of terrorism & war to understand the complexities of human nature. Entertainment is my escape, and I love sharing both the dark and light sides of the world with my audience.",0,332,,"[0, 0, 0, 0, 0, 0, 0, 0, 0, 1, 1, 1, 0, 4, 1, 1, 1, 3, 0, 2, 0, 0, 1, 4]",[],ESFP,[],[],"[""off_line""] * 24",2021-01-01 00:00:00
109,user109,user_109,"24-year-old logistics enthusiast and entrepreneur. A true ESTJ, I thrive on organization and efficiency. My passion for business and science technology drives me to explore innovative solutions in the transportation industry. Always up for a challenge, let's connect and share insights!",1,575,,"[1, 0, 0, 0, 0, 0, 0, 0, 0, 0, 0, 0, 0, 0, 0, 0, 0, 1, 0, 0, 0, 0, 0, 1]",[127],ESTJ,[],[],"[""off_line""] * 24",2021-01-01 00:00:00
110,user110,user_110,"A former military strategist turned manufacturing tycoon, I've seen the best and worst of human nature. My days are now spent between factories and the pages of history books, pondering the great conflicts of our time and the unpredictable forces of nature.",1,241,,"[1, 1, 1, 1, 1, 1, 0, 0, 0, 0, 0, 0, 1, 1, 1, 2, 2, 2, 1, 1, 2, 1, 1, 1]",[99],INTJ,[],[],"[""off_line""] * 24",2021-01-01 00:00:00
111,user111,user_111,"47-year-old marketing professional with a passion for innovation. ISFP by nature, I find joy in blending business strategies with the latest in science and technology. Let's connect over the fusion of these worlds!",1,188,,"[0, 0, 0, 0, 0, 0, 0, 0, 0, 0, 0, 0, 0, 0, 0, 0, 2, 3, 8, 6, 2, 1, 2, 2]",[148],ISFP,[],[],"[""off_line""] * 24",2021-01-01 00:00:00
112,user112,user_112,45 years of navigating the corporate world. Passionate about politics and the intersection of business and policy. Let's talk strategy and social change!,1,224,,"[1, 4, 1, 0, 0, 0, 0, 0, 0, 0, 0, 0, 0, 0, 0, 0, 0, 0, 1, 2, 1, 2, 7, 3]",[3],ESTJ,[],[],"[""off_line""] * 24",2021-01-01 00:00:00
113,user113,user_113,"A 29-year-old Health Science professional with a passion for entertainment and the wonders of nature. Always ready for an adventure, whether it's a new movie or a natural disaster, I find inspiration in both.",1,56999,,"[0, 0, 0, 0, 0, 0, 0, 0, 0, 1, 1, 1, 0, 4, 1, 1, 1, 3, 0, 2, 0, 0, 1, 4]",[23],ESFP,[],[],"[""off_line""] * 24",2021-01-01 00:00:00
114,user114,user_114,"34-year-old architect and construction enthusiast. A lifelong learner, I'm deeply passionate about science, technology, and education. My designs aim to blend functionality with innovation, inspired by the ever-evolving world around us.",1,2139,,"[0, 0, 0, 0, 0, 0, 0, 0, 0, 0, 0, 0, 0, 0, 2, 0, 1, 0, 0, 0, 2, 0, 0, 0]",[71],INTP,[],[],"[""off_line""] * 24",2021-01-01 00:00:00
115,user115,user_115,"A curious ENFP in the world of Arts, Audio/Video Technology, and Communications. Always exploring the intersection of Science & Technology and Entertainment. Let's dive into the digital cosmos together!",0,127,,"[0, 0, 1, 0, 0, 0, 0, 0, 1, 0, 0, 0, 0, 0, 0, 0, 1, 2, 0, 0, 1, 0, 0, 0]",[],ENFP,[],[],"[""off_line""] * 24",2021-01-01 00:00:00
116,user116,user_116,"Travel enthusiast with a heart for hospitality. 30 years in the industry, I've seen the world through the lens of both business and its darker corners. Business strategies meet the human story in my travels. Let's explore the world together!",0,1449,,"[1, 1, 1, 1, 1, 1, 0, 0, 0, 0, 0, 0, 1, 1, 1, 2, 2, 2, 1, 1, 2, 1, 1, 1]",[],ESFJ,[],[],"[""off_line""] * 24",2021-01-01 00:00:00
117,user117,user_117,"Born under the sign of the ISFP, Aria Bloom is a 24-year-old who has found her passion in the heart of nature. With a degree in Agriculture, Food & Natural Resources, she nurtures both the soil and the stories that grow within her. A self-proclaimed urban legend enthusiast, she's always on the lookout for the truth behind the tales. In her downtime, Aria indulges in the business world, learning the ropes of entrepreneurship while keeping her green thumb busy in her urban garden.",2,6958,,"[0, 0, 0, 0, 0, 0, 0, 0, 0, 0, 0, 0, 0, 0, 0, 0, 0, 3, 1, 0, 0, 0, 0, 0]","[90, 126]",ISFP,[],[],"[""off_line""] * 24",2021-01-01 00:00:00
118,user118,user_118,29-year-old educator and lifelong learner. Passionate about unraveling the complexities of terrorism and the marvels of science and technology. Always seeking to bridge the gap between theory and practice.,2,476,,"[1, 1, 1, 1, 1, 1, 0, 0, 0, 0, 0, 0, 1, 1, 1, 2, 2, 2, 1, 1, 2, 1, 1, 1]","[99, 13]",ENTP,[],[],"[""off_line""] * 24",2021-01-01 00:00:00
119,user119,user_119,"Hey there! I'm Emily, a dedicated ISFJ in the world of transportation and logistics. My journey began with a passion for business and education, which has shaped my career and personal growth. When I'm not managing supply chains, you can find me exploring new business strategies and educational opportunities. Let's connect and share insights!",1,149,,"[1, 0, 0, 0, 0, 0, 0, 0, 0, 0, 0, 1, 0, 1, 3, 2, 3, 1, 0, 0, 0, 0, 0, 1]",[126],ISFJ,[],[],"[""off_line""] * 24",2021-01-01 00:00:00
120,user120,user_120,"A logistics expert with a passion for understanding the intricate dance of supply chains and the power of nature. I'm an INTP at heart, always analyzing and seeking knowledge. When I'm not on the road, you'll find me diving into the complexities of natural disasters and health trends. Let's explore the world together!",1,476,,"[1, 4, 1, 0, 0, 0, 0, 0, 0, 0, 0, 0, 0, 0, 0, 0, 0, 0, 1, 2, 1, 2, 7, 3]",[99],INTP,[],[],"[""off_line""] * 24",2021-01-01 00:00:00
121,user121,user_121,"Hi there! I'm Johnathon, a 46-year-old Marketing professional with a passion for uncovering the truth behind urban legends and keeping up with the latest in science and technology. My days are filled with strategic campaigns, but my nights are dedicated to the world of mysteries and innovations. Let's unravel the unknown together!",1,78,,"[1, 1, 1, 1, 1, 1, 0, 0, 0, 0, 0, 0, 1, 1, 1, 2, 2, 2, 1, 1, 2, 1, 1, 1]",[10],ENTJ,[],[],"[""off_line""] * 24",2021-01-01 00:00:00
122,user122,user_122,"Hi there! I'm Emily, a 34-year-old Human Services professional with a passion for understanding the human experience. I'm an ENFP, which means I'm always on the lookout for new adventures and experiences. My interests range from urban legends that keep me up at night to the latest entertainment trends. Let's explore the world together!",1,277,,"[0, 0, 0, 0, 0, 0, 0, 0, 0, 0, 0, 0, 0, 0, 0, 1, 0, 0, 1, 1, 2, 2, 1, 0]",[85],ENFP,[],[],"[""off_line""] * 24",2021-01-01 00:00:00
123,user123,user_123,"31-year-old ESFP with a passion for the arts and audio/video technology. I'm always exploring new ways to merge business strategies with creative expression. Health and wellness are also a big part of my life, both professionally and personally.",1,182,,"[0, 1, 0, 0, 0, 0, 0, 0, 0, 0, 0, 0, 0, 0, 0, 1, 2, 3, 1, 1, 2, 0, 0, 0]",[129],ESFP,[],[],"[""off_line""] * 24",2021-01-01 00:00:00
124,user124,user_124,31-year-old manufacturing engineer turned social critic. Passionate about peeling back the layers of complex issues like terrorism & war and the transformative power of education. Always looking to engage in meaningful conversations and share insights.,1,9,,"[1, 1, 1, 1, 1, 1, 0, 0, 0, 0, 0, 0, 1, 1, 1, 2, 2, 2, 1, 1, 2, 1, 1, 1]",[106],ESFP,[],[],"[""off_line""] * 24",2021-01-01 00:00:00
125,user125,user_125,41-year-old ISFJ with a passion for education and training. I'm fascinated by the stories behind urban legends and the science of natural disasters. Let's explore the unknown together!,0,1190,,"[7, 3, 12, 6, 5, 1, 5, 0, 0, 3, 0, 0, 3, 2, 0, 2, 1, 2, 7, 11, 2, 8, 4, 2]",[],ISFJ,[],[],"[""off_line""] * 24",2021-01-01 00:00:00
126,user126,user_126,"Hey there! I'm Alexandra, a 26-year-old ENFP with a passion for education and training. My days are filled with inspiring young minds and exploring the wonders of science and technology. I'm also quite fascinated by urban legends and how they intertwine with our cultural fabric. Let's unravel the mysteries together!",0,1718,,"[1, 1, 1, 1, 1, 1, 0, 0, 0, 0, 0, 0, 1, 1, 1, 2, 2, 2, 1, 1, 2, 1, 1, 1]",[],ENFP,[],[],"[""off_line""] * 24",2021-01-01 00:00:00
127,user127,user_127,"Hi there! I'm Emily, a 44-year-old ENTP with a passion for the intersection of technology and business. With a background in STEM, I love exploring new educational tools and sharing insights on the latest business trends. Let's connect and learn together!",1,612,,"[1, 1, 1, 1, 1, 1, 0, 0, 0, 0, 0, 0, 1, 1, 1, 2, 2, 2, 1, 1, 2, 1, 1, 1]",[106],ENTP,[],[],"[""off_line""] * 24",2021-01-01 00:00:00
128,user128,user_128,A dedicated ISTJ with a passion for unraveling the mysteries of science and technology. Always intrigued by the political landscape and the enigmatic world of urban legends. #TechEnthusiast #PolityWatcher #UrbanLegends,1,355,,"[0, 2, 0, 1, 0, 0, 0, 0, 0, 0, 0, 0, 0, 0, 0, 0, 1, 0, 0, 0, 0, 0, 0, 0]",[64],ISTJ,[],[],"[""off_line""] * 24",2021-01-01 00:00:00
129,user129,user_129,"Hello, world! I'm Emily Carter, a 45-year-old ESFP in the field of Business Management & Administration. I've always been fascinated by the intricacies of power dynamics and the way organizations function. When I'm not busy managing the day-to-day operations, you can find me delving into the world of terrorism and war studies, or exploring the latest advancements in science and technology. Life is a journey of continuous learning, and I'm here to share my insights and experiences with like-minded individuals.",0,614,,"[9, 1, 1, 4, 0, 1, 0, 0, 0, 0, 0, 0, 0, 0, 0, 0, 0, 0, 7, 0, 3, 3, 0, 2]",[],ESFP,[],[],"[""off_line""] * 24",2021-01-01 00:00:00
130,user130,user_130,"A seasoned traveler and hospitality manager at heart, I'm always on the lookout for the next big thing in the world of tourism. With a keen eye for business strategies and an unwavering curiosity about the complexities of global conflicts, my journey through life is both professional and personal. When I'm not planning my next trip, you'll find me dissecting business trends and the nuances of terrorism and war. Let's explore the world together!",0,149,,"[1, 1, 1, 1, 1, 1, 0, 0, 0, 0, 0, 0, 1, 1, 1, 2, 2, 2, 1, 1, 2, 1, 1, 1]",[],ISTJ,[],[],"[""off_line""] * 24",2021-01-01 00:00:00
131,user131,user_131,"A day doesn't go by without me thinking about the structures that shape our world. As an ESFJ in the architecture and construction field, I'm passionate about creating spaces that are not only functional but also inspire and reflect our society's values. My interests in politics and science & technology fuel my desire to push the boundaries of what's possible in design.",1,1447,,"[3, 3, 4, 1, 3, 1, 0, 1, 2, 1, 0, 0, 0, 0, 2, 17, 1, 2, 2, 0, 0, 3, 0, 0]",[109],ESFJ,[],[],"[""off_line""] * 24",2021-01-01 00:00:00
132,user132,user_132,"35-year-old hospitality and tourism professional with a passion for exploring new places and technologies. As an ISTP, I thrive on the thrill of innovation and business growth.",0,234,,"[1, 0, 0, 0, 0, 0, 0, 0, 0, 0, 0, 0, 0, 0, 0, 0, 0, 1, 0, 0, 0, 0, 0, 1]",[],ISTP,[],[],"[""off_line""] * 24",2021-01-01 00:00:00
133,user133,user_133,26-year-old ISTJ in the manufacturing industry. Passionate about the intersection of Science & Technology and Health. Always looking to innovate and improve. #TechEnthusiast #HealthMatters,1,82,,"[0, 0, 0, 2, 2, 0, 0, 0, 0, 2, 2, 0, 1, 2, 2, 1, 1, 1, 3, 2, 0, 1, 1, 0]",[106],ISTJ,[],[],"[""off_line""] * 24",2021-01-01 00:00:00
134,user134,user_134,"A passionate ISTJ architect with a keen eye for detail and a fascination with the mysteries of urban legends. When not designing buildings, I'm exploring the business side of construction and unraveling the stories behind the stories.",1,188,,"[0, 0, 0, 0, 0, 0, 0, 0, 0, 0, 0, 0, 0, 0, 0, 0, 0, 3, 1, 0, 0, 0, 0, 0]",[64],ISTJ,[],[],"[""off_line""] * 24",2021-01-01 00:00:00
135,user135,user_135,"Evelyn Harper, age 59, is a seasoned law enforcement professional with a passion for justice and security. With over three decades of experience in the field, she's seen it all and is always on the lookout for the next big story. Her interests in terrorism & war and science & technology keep her on the cutting edge of her profession.",1,512,,"[0, 0, 1, 0, 0, 0, 0, 0, 1, 0, 0, 0, 0, 0, 0, 0, 1, 2, 0, 0, 1, 0, 0, 0]",[122],ESFP,[],[],"[""off_line""] * 24",2021-01-01 00:00:00
136,user136,user_136,Marketing professional with a keen interest in politics and the complexities of war. Always seeking to understand the human condition.,1,872,,"[0, 2, 4, 3, 2, 0, 2, 1, 1, 0, 0, 0, 0, 0, 0, 0, 0, 0, 1, 0, 2, 5, 0, 0]",[129],ESFJ,[],[],"[""off_line""] * 24",2021-01-01 00:00:00
137,user137,user_137,22-year-old ISFP with a passion for science and technology. I'm fascinated by the impact of natural disasters on our planet and am committed to exploring innovative educational tools that can shape the future. Let's dive into the world of tech and learn together!,0,149,,"[0, 0, 0, 0, 0, 0, 0, 0, 0, 0, 0, 0, 0, 0, 0, 0, 2, 0, 0, 0, 2, 0, 0, 0]",[],ISFP,[],[],"[""off_line""] * 24",2021-01-01 00:00:00
138,user138,user_138,"Retired from a fulfilling career in education and training, I now channel my passion for knowledge and curiosity into the world of social media. With a heart for politics and a fascination with natural disasters, I share insights and reflections on these topics. ISFP at heart, I love the arts, nature, and meaningful conversations.",1,1375,,"[11, 14, 20, 15, 22, 22, 18, 16, 13, 15, 12, 15, 13, 27, 21, 29, 27, 29, 28, 24, 32, 24, 25, 18]",[68],ISFP,[],[],"[""off_line""] * 24",2021-01-01 00:00:00
139,user139,user_139,"Retired trucker with a passion for understanding the complexities of the world. I've seen it all on the road, from the smallest towns to the biggest cities. Now, I dive into the depths of terrorism & war and health topics, keeping my mind sharp and my curiosity alive.",1,162,,"[1, 0, 0, 0, 0, 0, 0, 0, 0, 0, 0, 1, 0, 1, 3, 2, 3, 1, 0, 0, 0, 0, 0, 1]",[68],ISTP,[],[],"[""off_line""] * 24",2021-01-01 00:00:00
140,user140,user_140,21-year-old ENFP with a passion for finance and a deep interest in politics and education. Always on the lookout for new ideas and opportunities.,2,139,,"[1, 1, 1, 1, 1, 1, 0, 0, 0, 0, 0, 0, 1, 1, 1, 2, 2, 2, 1, 1, 2, 1, 1, 1]","[33, 127]",ENFP,[],[],"[""off_line""] * 24",2021-01-01 00:00:00
141,user141,user_141,"A seasoned IT professional with a keen eye on the intersection of technology and global events. With over 30 years of experience in Information Technology, I've witnessed the evolution of the digital world and its impact on society. My interests in business and the complexities of terrorism & war drive my passion for understanding the broader implications of technology in our world.",1,1561,,"[0, 1, 3, 1, 0, 1, 0, 0, 0, 0, 0, 0, 0, 0, 1, 1, 0, 0, 0, 0, 0, 2, 2, 2]",[109],ISTJ,[],[],"[""off_line""] * 24",2021-01-01 00:00:00
142,user142,user_142,"A tech-savvy ISTP with a deep passion for politics and cutting-edge science. Day job in IT, but I find myself lost in thought about the future of technology and its impact on society.",0,872,,"[14, 2, 6, 3, 1, 0, 0, 0, 0, 0, 0, 0, 3, 22, 7, 15, 12, 10, 1, 3, 3, 0, 1, 3]",[],ISTP,[],[],"[""off_line""] * 24",2021-01-01 00:00:00
143,user143,user_143,"John Thompson, 28, is a dedicated Human Services professional with a passion for making a difference in people's lives. An ESTJ, he's known for his strong work ethic and organizational skills. Outside of work, John is deeply interested in Science & Technology and Health, constantly seeking to learn and apply new knowledge to improve the world around him.",1,3157,,"[1, 1, 1, 1, 1, 1, 0, 0, 0, 0, 0, 0, 1, 1, 1, 2, 2, 2, 1, 1, 2, 1, 1, 1]",[116],ESTJ,[],[],"[""off_line""] * 24",2021-01-01 00:00:00
144,user144,user_144,"Hello, I'm Emily Johnson, a dedicated Business Management & Administration professional. With a passion for both Entertainment and Education, I love to blend my professional skills with my personal interests. Whether I'm planning a corporate event or diving into a new book, I'm always looking for ways to inspire and be inspired. #BusinessGuru #EntertainmentEnthusiast #LifelongLearning",0,56999,,"[1, 1, 1, 1, 1, 1, 0, 0, 0, 0, 0, 0, 1, 1, 1, 2, 2, 2, 1, 1, 2, 1, 1, 1]",[],ENFJ,[],[],"[""off_line""] * 24",2021-01-01 00:00:00
145,user145,user_145,34-year-old ENFP with a passion for Business Management & Administration. Always seeking to understand the nuances of human behavior in the corporate world. Political and historical events fuel my curiosity and inspire my work. A keen observer of the complexities of war and peace.,1,6958,,"[1, 1, 1, 1, 1, 1, 0, 0, 0, 0, 0, 0, 1, 1, 1, 2, 2, 2, 1, 1, 2, 1, 1, 1]",[73],ENFP,[],[],"[""off_line""] * 24",2021-01-01 00:00:00
146,user146,user_146,"ENTJ at heart, dedicated to making a difference in human services. Passionate about entertainment and the unpredictable nature of natural disasters. Always looking for ways to combine my interests with my work.",0,451,,"[1, 1, 1, 1, 1, 1, 0, 0, 0, 0, 0, 0, 1, 1, 1, 2, 2, 2, 1, 1, 2, 1, 1, 1]",[],ENTJ,[],[],"[""off_line""] * 24",2021-01-01 00:00:00
147,user147,user_147,"A passionate architect with a keen eye for detail and a love for the art of construction. I believe in creating spaces that tell stories and inspire change. Politics and entertainment are my guilty pleasures, they keep me grounded and inspired. #Architecture #InFP #PolitiEnt",1,56999,,"[0, 0, 0, 0, 0, 0, 0, 0, 0, 0, 0, 0, 0, 0, 0, 0, 2, 0, 0, 0, 2, 0, 0, 0]",[122],INFP,[],[],"[""off_line""] * 24",2021-01-01 00:00:00
148,user148,user_148,"40-year-old ISFP with a passion for agriculture and the natural world. When not tending to the fields, I find joy in the entertainment of movies and keeping healthy with yoga and meditation.",1,1561,,"[0, 0, 0, 2, 2, 0, 0, 0, 0, 2, 2, 0, 1, 2, 2, 1, 1, 1, 3, 2, 0, 1, 1, 0]",[25],ISFP,[],[],"[""off_line""] * 24",2021-01-01 00:00:00
149,user149,user_149,16-year-old architecture enthusiast with a passion for construction. Always exploring new ways to blend health and design for a sustainable future. Health and education are my top priorities in life.,0,241,,"[1, 3, 2, 2, 1, 0, 0, 1, 0, 0, 2, 0, 1, 0, 0, 0, 1, 0, 0, 0, 1, 0, 0, 1]",[],ESTP,[],[],"[""off_line""] * 24",2021-01-01 00:00:00